Abbrev,Rep,Sp,DBH,Ht,Surv,Vig,Ins_res,Stem_Fm,Crown_Fm,Brnch_Fm,Utility
Cra,1,co,18.45,9.96,40.0,4.0,3.0,3.5,4.0,3.5,good
Cra,1,fr,13.15,9.65,90.0,4.5,4.0,3.5,3.5,3.0,best
Cra,1,ma,10.32,6.5,50.0,2.3,2.5,3.0,3.5,3.0,low
Cra,1,nd,14.8,9.48,70.0,3.7,3.0,3.3,4.0,3.5,good
Cra,1,ni,14.5,10.78,90.0,4.0,2.7,3.3,3.0,3.0,good
Cra,1,ob,17.01,12.28,70.0,5.0,4.0,5.0,4.0,4.5,best
Cra,1,ov,13.93,9.77,80.0,4.0,2.0,3.0,3.0,3.0,good
Cra,1,pu,19.05,11.26,100.0,5.0,4.5,3.5,4.0,2.0,best
Cra,1,rd,7.62,6.59,80.0,2.5,2.5,3.3,3.5,3.5,average
Cra,1,si,14.75,9.13,50.0,4.0,4.0,3.3,3.0,3.0,good
Cra,2,co,8.15,6.72,70.0,1.5,3.0,3.0,3.0,3.0,low
Cra,2,fr,15.07,7.17,10.0,4.0,4.0,3.3,3.0,2.0,good
Cra,2,ma,8.99,6.05,60.0,2.5,3.0,3.0,4.0,4.0,low
Cra,2,nd,13.13,6.08,80.0,3.5,4.0,4.0,3.5,3.5,best
Cra,2,ni,10.78,8.93,100.0,3.0,2.0,3.0,3.0,3.0,good
Cra,2,ob,13.08,9.79,90.0,5.0,4.5,5.0,4.0,4.0,best
Cra,2,ov,10.22,8.32,100.0,3.0,1.8,3.0,3.0,3.0,average
Cra,2,pu,18.71,10.9,100.0,4.0,4.0,3.3,4.0,3.0,best
Cra,2,rd,8.23,6.5,70.0,2.0,2.0,3.3,4.0,3.5,low
Cra,2,si,17.52,9.22,60.0,4.0,3.0,3.0,3.0,2.0,good
Cra,3,co,10.75,5.91,50.0,2.7,4.0,3.3,3.5,3.0,average
Cra,3,fr,21.52,8.77,20.0,4.0,3.5,3.0,3.0,1.0,average
Cra,3,ma,15.22,6.5,30.0,3.0,4.0,3.0,3.0,3.0,average
Cra,3,nd,9.73,8.67,70.0,2.7,4.0,3.5,3.5,3.5,good
Cra,3,ni,17.15,8.22,60.0,5.0,2.7,3.5,3.0,2.0,good
Cra,3,ob,16.13,9.95,50.0,4.3,4.5,3.3,3.5,3.0,good
Cra,3,ov,8.78,5.79,50.0,2.5,2.0,3.2,3.3,3.0,average
Cra,3,pu,17.18,9.99,90.0,4.3,4.5,3.5,4.0,3.3,good
Cra,3,rd,12.39,5.55,80.0,3.0,2.5,2.0,2.0,2.0,average
Cra,3,si,14.75,7.79,30.0,4.0,4.0,4.0,2.5,2.0,good
Cly,1,fr,27.98,8.64,31.2,2.3,4.0,2.0,2.0,2.0,low
Cly,1,nd,25.99,9.6,32.4,4.0,4.0,3.0,4.0,2.7,best
Cly,1,ni,33.41,8.35,33.6,4.0,2.8,2.5,1.5,1.5,average
Cly,1,ov,33.3,13.32,34.8,4.0,2.3,3.3,2.0,1.0,good
Cly,1,pu,33.13,12.33,36.0,4.0,4.0,3.5,4.0,2.7,good
Cly,1,rd,12.79,8.82,37.2,2.5,3.0,3.3,4.0,4.0,low
Cly,2,co,25.92,12.12,38.4,3.3,3.0,4.0,3.5,3.5,good
Cly,2,fr,26.94,9.93,39.6,3.3,4.0,3.0,3.5,3.0,good
Cly,2,mn,11.88,8.23,40.8,2.0,4.0,4.0,4.0,4.0,low
Cly,2,nd,24.42,10.47,42.0,4.5,4.0,4.3,3.7,3.3,best
Cly,2,ni,31.74,11.69,43.2,4.0,2.5,3.0,3.0,2.0,good
Cly,2,ob,39.72,13.82,44.4,5.0,4.0,3.3,3.0,2.0,best
Cly,2,ov,31.38,13.32,45.6,4.3,2.7,4.0,3.5,3.3,best
Cly,2,pu,31.72,9.96,46.8,4.5,4.0,3.5,3.5,3.0,best
Cly,2,rd,23.36,10.33,48.0,3.3,3.0,3.0,4.0,4.0,good
Cly,3,co,13.99,5.59,49.2,2.0,4.0,3.0,4.0,3.0,low
Cly,3,fr,3.072,9.93,50.4,3.0,4.0,2.0,2.0,1.0,good
Cly,3,mn,26.5,10.97,51.599999999999994,3.5,3.5,3.7,4.0,3.7,good
Cly,3,nd,24.42,7.85,52.8,3.0,3.5,3.3,3.3,3.3,good
Cly,3,ni,32.99,12.53,54.0,5.0,2.5,4.0,3.0,2.0,good
Cly,3,ob,30.48,12.09,55.2,4.5,4.0,3.5,3.5,2.5,best
Cly,3,ov,9.99,7.49,56.4,2.0,2.0,3.0,4.0,4.0,low
Cly,3,pu,39.65,10.56,57.599999999999994,4.0,4.5,3.0,3.0,1.0,best
Cly,3,rd,22.72,11.52,58.8,3.0,2.5,3.5,3.5,2.8,good
Nga,1,co,10.1,8.2,60.0,3.0,4.0,3.5,3.5,3.2,average
Nga,1,mn,4.7,5.5,20.0,1.0,1.5,2.0,3.0,3.0,none
Nga,1,nd,17.0,12.6,50.0,4.3,4.0,3.2,4.0,3.5,good
Nga,1,ni,10.3,9.4,80.0,3.0,2.5,3.0,3.0,3.0,good
Nga,1,ob,21.6,12.0,40.0,4.0,3.7,3.5,3.5,3.0,good
Nga,1,ov,11.3,10.0,40.0,2.7,2.0,3.2,4.0,3.0,average
Nga,1,pu,12.7,9.3,80.0,2.9,4.0,3.2,3.9,3.4,good
Nga,1,rd,5.4,4.5,20.0,1.0,2.0,3.0,3.0,3.0,none
Nga,2,co,6.8,5.5,60.0,2.5,3.5,3.5,3.5,3.0,low
Nga,2,fr,17.8,10.0,10.0,4.0,4.0,3.5,4.0,2.0,good
Nga,2,nd,20.4,10.2,60.0,4.0,4.0,3.0,3.0,2.5,good
Nga,2,ni,19.1,9.7,60.0,3.7,3.0,2.0,2.0,1.5,good
Nga,2,ob,15.5,9.8,40.0,4.0,3.5,3.5,3.5,3.0,good
Nga,2,ov,13.5,7.7,30.0,3.0,2.0,3.3,4.0,3.5,good
Nga,2,pu,20.8,12.0,20.0,3.0,4.0,3.0,3.5,3.0,average
Nga,2,rd,11.5,5.8,40.0,1.5,2.0,2.5,3.5,2.5,none
Nga,3,fr,37.6,13.0,10.0,5.0,4.0,2.0,2.0,1.0,good
Nga,3,nd,24.5,12.0,20.0,4.0,4.0,4.0,4.0,2.0,good
Nga,3,ni,17.6,9.0,90.0,4.5,2.5,3.0,2.0,1.5,good
Nga,3,ov,16.2,10.2,60.0,4.0,2.3,3.0,3.3,3.0,best
Nga,3,pu,11.5,9.0,20.0,2.7,3.7,4.0,4.0,3.0,good
Nga,3,rd,7.6,5.5,20.0,1.0,2.0,2.0,3.0,3.0,none
Wai,1,ag,3.4,5.5,50.0,1.0,1.0,3.0,3.0,3.0,none
Wai,1,bxs,17.6,12.6,71.0,3.5,3.0,3.3,2.5,2.0,good
Wai,1,br,14.0,10.0,100.0,2.5,1.5,3.0,4.0,4.0,low
Wai,1,br,8.8,11.4,100.0,2.0,2.0,4.0,4.0,4.0,low
Wai,1,el,15.8,10.0,38.0,3.5,3.5,3.3,3.5,3.0,average
Wai,1,fa,15.5,10.5,50.0,3.0,3.3,3.3,3.0,3.0,best
Wai,1,fa,14.6,11.1,100.0,4.0,3.0,3.5,3.5,3.3,good
Wai,1,fr,17.3,13.2,71.0,3.3,3.0,3.0,3.0,3.0,average
Wai,1,fr,13.3,10.8,75.0,4.0,3.8,4.0,4.0,4.0,best
Wai,1,fr,19.8,10.7,75.0,4.5,3.0,3.0,3.0,2.5,good
Wai,1,jo,5.2,4.3,75.0,0.5,0.5,4.0,4.0,4.0,none
Wai,1,ka,15.0,11.3,88.0,2.3,1.7,3.0,3.0,2.0,low
Wai,1,nd,15.3,10.8,75.0,3.0,3.0,3.0,4.0,3.5,best
Wai,1,ob,19.0,16.0,88.0,4.3,3.0,4.8,4.0,4.0,best
Wai,1,ov,7.2,6.0,50.0,1.3,1.3,4.0,4.0,4.0,none
Wai,1,pu,15.9,12.8,100.0,4.0,4.0,3.3,4.0,3.0,best
Wai,1,re,18.1,14.8,100.0,4.6,4.0,4.3,4.3,4.0,best
Wai,1,re,17.0,14.1,88.0,4.5,3.0,3.7,3.7,3.7,best
Wai,1,re,26.1,16.0,38.0,5.0,3.0,4.0,4.0,2.7,best
Wai,1,rd,12.2,13.8,50.0,2.0,1.5,3.0,3.0,3.0,low
Wai,1,sm,9.3,4.3,63.0,1.0,1.2,1.0,1.0,1.0,none
Wai,1,re,22.6,13.4,100.0,5.0,3.0,2.3,2.7,2.0,best
Wai,2,ag,7.8,7.4,63.0,1.0,1.0,3.0,3.0,3.0,none
Wai,2,bxs,16.4,13.3,100.0,4.5,3.0,3.3,3.3,2.7,good
Wai,2,br,11.9,9.7,100.0,2.3,1.8,3.0,3.5,3.2,low
Wai,2,br,10.4,9.4,88.0,2.0,1.7,4.0,4.0,4.0,low
Wai,2,el,13.5,10.0,13.0,3.0,4.0,3.0,4.0,3.3,low
Wai,2,fa,23.0,11.0,13.0,3.0,3.5,2.0,1.0,1.0,average
Wai,2,fa,23.7,12.6,88.0,5.0,3.3,3.0,2.0,2.0,good
Wai,2,fr,33.8,16.0,50.0,5.0,3.0,2.0,2.0,0.5,good
Wai,2,fr,17.0,15.3,75.0,4.7,4.0,3.5,4.0,4.0,best
Wai,2,fr,20.8,12.6,63.0,4.0,3.0,3.3,3.5,3.5,good
Wai,2,jo,6.5,4.4,63.0,0.5,0.5,4.0,4.5,4.0,none
Wai,2,ka,10.4,6.4,75.0,1.7,1.5,0.0,0.0,0.0,none
Wai,2,nd,12.6,8.0,37.0,2.5,3.5,4.0,4.0,4.0,average
Wai,2,ob,22.2,14.6,63.0,5.0,3.0,4.0,4.0,3.2,best
Wai,2,ob,19.6,15.4,100.0,5.0,3.0,5.0,4.3,3.0,best
Wai,2,ov,9.8,7.5,75.0,1.7,1.3,3.3,4.0,3.5,low
Wai,2,pu,15.2,14.4,100.0,4.5,4.0,3.0,4.0,3.0,good
Wai,2,re,19.6,16.6,100.0,5.0,3.0,4.0,4.0,3.0,best
Wai,2,re,17.0,14.1,88.0,4.5,3.0,3.7,3.7,3.7,best
Wai,2,re,26.0,14.0,88.0,5.0,3.5,3.5,4.0,3.3,best
Wai,2,ro,8.9,5.2,63.0,2.5,1.8,3.0,3.0,3.0,none
Wai,2,rd,10.3,7.8,100.0,2.3,2.0,3.0,3.0,3.0,low
Wai,22,si,19.6,12.3,75.0,3.3,3.0,3.3,3.5,3.5,best
Wai,2,sm,20.1,6.9,88.0,3.0,2.5,1.0,0.5,0.0,low
Wai,3,ag,13.5,4.0,13.0,0.5,0.0,1.0,1.0,1.0,none
Wai,3,bxs,14.2,10.8,100.0,3.0,2.8,3.3,3.3,3.0,good
Wai,3,br,13.1,10.6,88.0,2.0,2.0,3.0,3.0,3.0,none
Wai,3,br,9.6,7.0,100.0,2.6,2.0,3.0,3.0,3.0,low
Wai,3,el,18.9,9.0,13.0,2.0,3.5,3.0,3.5,3.0,none
Wai,3,fa,20.0,13.2,75.0,4.5,3.0,4.0,4.0,4.0,best
Wai,3,fa,26.6,13.5,75.0,5.0,3.0,2.5,2.0,1.0,good
Wai,3,fr,23.9,12.7,37.0,4.0,3.0,3.0,3.0,3.0,good
Wai,3,fr,17.8,12.2,63.0,4.7,3.1,3.0,3.0,3.0,good
Wai,3,fr,21.4,12.7,75.0,4.6,4.0,3.0,3.0,3.0,best
Wai,3,jo,7.8,5.3,50.0,1.0,1.5,4.0,4.0,4.0,none
Wai,3,ka,13.1,10.1,100.0,2.0,2.0,2.0,2.0,2.0,low
Wai,3,nd,15.1,12.3,88.0,3.5,3.0,3.3,4.0,4.0,best
Wai,3,ob,24.5,13.5,75.0,5.0,3.0,4.0,4.0,2.5,best
Wai,3,ob,23.7,13.3,88.0,5.0,3.0,3.5,3.5,2.5,best
Wai,3,ov,10.5,7.6,88.0,2.3,2.0,3.0,3.5,3.0,low
Wai,3,pu,14.0,10.3,100.0,3.5,4.0,2.0,3.0,2.0,average
Wai,3,re,21.8,13.8,100.0,5.0,3.0,3.0,3.0,2.0,best
Wai,3,re,16.4,12.1,88.0,4.8,3.0,3.3,3.5,2.0,best
Wai,3,re,17.6,12.4,100.0,3.5,3.3,3.0,3.0,2.0,good
Wai,3,ro,12.2,4.4,75.0,3.0,2.0,3.0,2.5,2.5,low
Wai,3,rd,9.0,6.8,100.0,2.0,1.5,2.0,4.0,3.5,none
Wai,3,si,20.3,13.6,63.0,4.0,2.7,3.0,2.5,2.0,good
Wai,3,sm,8.8,6.3,100.0,2.0,2.0,1.0,2.0,2.0,none
K81,1,ag,2.86,3.2,25.0,2.0,2.0,2.0,2.0,2.0,none
K81,1,bxs,4.49,4.11,44.0,2.5,3.0,3.0,3.0,3.0,low
K81,1,br,9.89,6.68,100.0,3.5,2.0,3.0,4.0,3.0,best
K81,1,jo,5.34,3.05,75.0,2.7,1.0,3.0,4.0,4.0,low
K81,1,fr,3.28,4.07,75.0,2.0,3.0,3.0,3.0,3.0,low
K81,1,fr,7.62,5.39,100.0,3.0,3.0,3.0,3.5,3.0,good
K81,1,fr,6.05,5.39,88.0,4.0,4.0,3.5,3.5,3.5,good
K81,1,nd,6.38,5.07,88.0,3.0,4.0,3.5,4.0,4.0,best
K81,1,ka,6.16,4.3,40.0,3.0,2.0,1.0,1.0,1.0,low
K81,1,ob,19.92,7.37,13.0,2.0,2.5,3.0,3.0,3.0,low
K81,1,ov,3.91,3.91,63.0,2.5,1.5,3.0,4.0,3.0,average
K81,1,pu,10.75,9.26,88.0,4.0,4.0,4.0,4.0,4.0,best
K81,1,re,3.63,5.02,63.0,4.0,3.5,4.0,4.0,3.5,good
K81,1,re,6.14,5.86,75.0,4.0,3.0,4.0,4.0,4.0,best
K81,1,re,5.3,4.88,38.0,3.5,3.0,4.0,4.0,4.0,good
K81,1,si,14.93,9.39,63.0,4.0,3.0,3.0,2.5,2.5,good
K81,1,rd,3.21,3.72,50.0,1.5,2.0,2.0,4.0,4.0,low
K81,1,sm,5.93,6.48,100.0,1.8,1.8,2.0,2.0,3.0,low
K81,1,nc,6.24,4.85,25.0,2.5,4.0,3.0,3.0,3.0,low
K81,2,ag,1.03,2.17,13.0,2.0,2.0,2.0,2.0,2.0,none
K81,2,bxs,6.29,4.62,100.0,3.0,2.5,2.0,2.0,2.5,average
K81,2,br,11.43,7.83,88.0,3.0,2.0,3.5,4.0,4.0,best
K81,2,br,3.98,3.98,75.0,3.0,2.0,3.0,4.0,3.0,average
K81,2,jo,2.8,2.92,75.0,2.5,1.8,3.2,3.5,3.5,low
K81,2,el,6.07,5.89,63.0,3.0,3.0,2.0,2.0,2.5,low
K81,2,fa,4.04,4.66,50.0,2.5,3.0,3.5,3.5,3.5,average
K81,2,fa,11.03,6.25,38.0,3.5,3.5,3.0,2.5,2.0,average
K81,2,fr,12.49,10.12,63.0,4.5,3.0,3.5,3.5,3.5,best
K81,2,fr,9.99,6.83,88.0,4.0,3.0,3.5,3.0,2.5,good
K81,2,fr,17.74,9.99,100.0,5.0,3.0,3.0,2.5,2.0,best
K81,2,nd,2.73,3.77,100.0,2.5,4.0,3.5,4.5,4.0,good
K81,2,ka,2.79,2.9,75.0,2.0,2.0,2.0,2.0,3.0,low
K81,2,ob,9.88,8.94,88.0,4.0,3.0,3.5,3.5,3.5,good
K81,2,ob,8.63,8.21,100.0,4.0,3.0,3.5,3.5,3.5,good
K81,2,ov,4.39,4.03,88.0,1.5,1.5,2.0,2.0,3.0,none
K81,2,pu,7.94,7.77,100.0,3.5,4.0,2.5,4.0,3.3,best
K81,2,re,6.48,6.42,38.0,4.0,3.5,4.0,4.0,3.5,good
K81,2,re,6.28,6.7,100.0,4.0,3.0,4.0,4.0,3.5,good
K81,2,re,11.58,8.37,63.0,4.0,3.5,4.0,4.0,3.5,best
K81,2,si,3.56,4.27,25.0,3.0,3.0,3.0,3.0,3.0,average
K81,2,rd,2.57,3.08,75.0,2.0,2.0,2.0,4.0,3.0,low
K81,2,sm,5.37,5.74,100.0,1.5,1.0,1.5,1.5,2.0,none
K81,2,nc,2.6,3.64,38.0,1.0,2.0,2.0,2.0,3.0,none
K81,3,ag,5.26,5.48,63.0,2.0,1.5,2.0,2.0,2.0,none
K81,3,bxs,4.88,4.11,88.0,3.5,2.5,2.0,2.0,2.0,average
K81,3,br,7.83,6.68,100.0,3.0,1.8,3.5,4.0,4.0,good
K81,3,br,4.62,4.11,88.0,3.0,2.0,2.5,3.5,3.0,average
K81,3,jo,2.29,2.67,75.0,2.5,1.5,3.0,4.0,4.0,low
K81,3,el,7.28,7.45,63.0,4.0,3.0,3.3,3.3,3.0,good
K81,3,fa,16.54,9.93,100.0,5.0,3.3,3.3,2.5,2.0,best
K81,3,fa,10.54,7.84,88.0,4.0,3.3,3.3,3.5,3.5,good
K81,3,fr,3.81,4.73,100.0,3.0,2.7,3.0,3.0,3.5,good
K81,3,fr,11.57,8.41,100.0,4.0,3.0,3.5,3.5,3.5,best
K81,3,fr,13.67,8.81,100.0,4.8,3.0,3.5,3.5,3.0,best
K81,3,nd,7.03,5.99,88.0,3.5,2.7,3.5,4.0,4.0,best
K81,3,ka,7.355,6.995,88.0,2.5,2.0,1.0,1.0,1.0,none
K81,3,ob,7.68,8.0,88.0,4.5,3.0,4.0,4.0,4.0,best
K81,3,ov,3.2,3.56,88.0,1.5,1.8,2.5,3.3,3.5,low
K81,3,pu,6.78,5.62,63.0,3.0,4.0,2.5,3.0,2.0,average
K81,3,re,5.16,5.86,75.0,4.0,3.0,4.0,4.0,4.0,best
K81,3,re,3.35,5.16,100.0,3.0,3.0,4.5,4.0,4.0,good
K81,3,re,3.77,4.88,88.0,4.0,3.5,4.0,4.0,4.0,best
K81,3,rd,4.49,4.49,88.0,2.3,2.0,2.5,4.0,3.0,low
K81,3,sm,6.11,5.74,100.0,2.5,1.5,1.5,1.0,1.0,low
K81,3,nc,3.51,4.68,25.0,1.5,1.5,2.0,2.0,3.0,low
Wak,1,ag,12.0,10.3,38.0,2.8,3.2,2.8,3.2,3.0,low
Wak,1,bxs,15.0,8.4,88.0,3.0,3.0,3.0,3.0,2.0,average
Wak,1,br,13.0,11.1,100.0,3.0,2.0,3.5,3.0,3.0,average
Wak,1,br,8.6,9.5,100.0,2.0,1.5,4.0,4.0,4.0,low
Wak,1,el,8.2,6.6,63.0,4.0,4.0,3.0,3.0,3.0,average
Wak,1,fa,15.7,10.0,100.0,4.0,3.0,2.5,2.5,2.5,good
Wak,1,fa,15.9,8.8,75.0,4.0,3.0,3.0,2.0,2.5,good
Wak,1,fr,13.7,9.9,88.0,4.0,3.0,2.5,2.5,2.5,average
Wak,1,fr,11.2,9.1,88.0,4.0,3.5,3.0,3.5,3.0,good
Wak,1,fr,18.9,11.8,75.0,5.0,3.0,2.5,2.5,2.0,average
Wak,1,nd,11.6,8.9,100.0,4.0,3.0,4.0,4.0,4.0,best
Wak,1,ka,8.6,8.9,100.0,3.0,2.5,2.8,3.0,2.8,low
Wak,1,ob,13.4,12.3,88.0,4.0,3.0,3.5,3.0,2.5,best
Wak,1,ob,19.6,11.8,63.0,5.0,3.0,3.5,3.0,2.0,best
Wak,1,ov,11.1,8.7,88.0,3.0,2.0,3.0,4.0,4.0,good
Wak,1,pu,10.8,10.0,75.0,3.0,4.0,3.0,4.0,3.0,good
Wak,1,re,11.2,12.2,75.0,5.0,3.0,4.0,3.5,3.5,good
Wak,1,re,14.0,13.0,63.0,5.0,3.0,3.0,2.0,2.5,good
Wak,1,re,9.0,9.6,75.0,4.0,3.0,4.0,3.0,2.5,good
Wak,1,re,14.4,12.9,88.0,5.0,3.0,3.0,3.0,2.5,good
Wak,1,nc,8.8,5.3,63.0,3.0,3.0,3.0,4.0,4.0,average
Wak,1,rd,6.5,7.0,50.0,2.5,2.5,3.0,3.0,3.0,low
Wak,1,sm,5.7,5.7,100.0,3.0,2.0,3.0,3.0,3.0,low
Wak,1,jo,8.0,4.9,88.0,3.5,1.5,4.0,4.0,4.0,average
Wak,2,ag,7.3,6.8,2.5,3.5,3.5,3.5,3.5,1.5,none
Wak,2,bxs,6.9,5.6,3.0,3.0,3.0,3.0,3.0,2.0,none
Wak,2,br,7.4,6.6,3.0,2.0,3.0,3.0,3.0,1.0,none
Wak,2,br,6.6,5.4,3.0,2.0,3.0,3.0,3.5,1.5,none
Wak,2,el,7.3,5.6,3.5,3.0,2.5,2.5,2.5,1.5,none
Wak,2,fa,19.6,10.3,3.0,3.0,2.5,2.5,2.0,2.0,none
Wak,2,fa,15.4,15.8,4.0,3.0,3.0,3.0,3.0,3.0,none
Wak,2,fr,15.0,11.6,4.0,3.0,2.0,2.0,2.0,3.0,none
Wak,2,fr,13.9,11.1,5.0,3.0,3.0,2.5,2.0,3.0,none
Wak,2,fr,15.6,12.1,4.0,3.0,3.5,3.0,2.0,3.0,none
Wak,2,nd,7.9,8.6,2.5,3.0,2.5,4.0,3.5,1.0,none
Wak,2,ka,6.6,5.8,2.0,3.0,2.5,2.5,3.0,0.5,none
Wak,2,ob,15.2,12.3,5.0,3.0,4.0,3.5,3.0,4.0,none
Wak,2,ob,17.1,12.1,5.0,3.0,3.5,3.0,3.0,4.0,none
Wak,2,ov,5.5,3.4,2.0,1.0,3.0,2.5,3.0,1.0,none
Wak,2,pu,15.3,12.7,3.0,4.0,2.5,3.0,2.0,3.0,none
Wak,2,re,10.9,9.8,4.0,3.0,2.5,2.0,3.0,4.0,none
Wak,2,re,13.0,10.4,4.0,3.0,3.5,2.5,2.0,4.0,none
Wak,2,re,10.6,10.2,4.0,3.0,3.5,2.5,3.0,3.0,none
Wak,2,re,10.3,10.0,4.0,3.0,4.0,3.0,3.0,3.0,none
Wak,2,nc,3.2,5.9,1.5,3.0,2.0,2.0,2.0,0.0,none
Wak,2,si,15.0,13.0,2.5,3.0,4.0,4.0,4.0,2.0,none
Wak,2,rd,6.8,5.6,2.0,2.0,2.0,3.0,3.0,0.0,none
Wak,2,sm,7.7,6.1,2.0,2.0,2.0,2.0,3.0,0.5,none
Wak,2,jo,3.1,2.9,2.0,1.5,3.0,3.0,3.5,1.0,none
Wak,3,ag,10.5,6.0,25.0,3.0,3.0,2.0,3.0,2.5,low
Wak,3,bxs,1.6,1.8,88.0,1.0,2.0,3.0,3.0,3.0,none
Wak,3,br,4.0,3.2,63.0,2.0,1.5,3.0,3.0,3.0,low
Wak,3,br,3.3,2.7,100.0,1.5,1.0,2.0,3.0,3.0,none
Wak,3,el,9.4,8.5,38.0,3.0,3.0,2.0,1.5,1.0,low
Wak,3,fa,11.0,8.1,100.0,4.0,3.0,2.0,2.0,2.0,best
Wak,3,fa,7.8,5.6,88.0,3.0,3.0,2.0,2.0,2.0,good
Wak,3,fr,10.1,9.5,75.0,3.0,3.0,2.0,2.0,2.0,average
Wak,3,fr,6.9,7.3,88.0,3.5,3.0,3.0,3.5,3.0,good
Wak,3,fr,11.9,9.6,88.0,4.0,3.0,2.5,2.5,2.5,good
Wak,3,nd,10.4,9.4,100.0,4.0,3.0,2.0,3.5,3.0,best
Wak,3,ka,3.5,2.9,75.0,1.0,1.0,3.0,3.0,3.0,none
Wak,3,ob,5.7,5.6,100.0,3.0,2.5,4.0,5.0,4.0,good
Wak,3,ob,10.5,7.5,63.0,3.5,2.5,2.5,2.0,2.5,good
Wak,3,ov,4.3,3.2,100.0,1.5,1.0,2.5,3.5,3.0,none
Wak,3,pu,13.6,7.3,38.0,3.0,3.0,2.0,2.5,2.0,average
Wak,3,re,12.3,8.2,75.0,4.0,3.0,3.0,2.0,2.0,best
Wak,3,re,9.7,7.1,100.0,4.0,3.0,2.0,2.5,2.5,best
Wak,3,re,13.0,9.0,88.0,4.0,3.0,3.5,3.0,3.0,best
Wak,3,nc,4.9,2.8,63.0,2.0,3.0,3.0,3.5,3.5,low
Wak,3,si,6.0,7.0,13.0,3.0,3.0,4.0,4.0,4.0,low
Wak,3,rd,11.8,7.4,88.0,2.5,2.0,2.5,3.0,3.0,average
Wak,3,sm,6.2,5.3,100.0,2.0,2.0,2.5,2.5,3.0,low
Wak,3,jo,1.5,1.8,88.0,1.5,1.0,3.0,4.0,3.0,low
K82,1,bxs,6.02,3.63,38.0,2.5,3.0,3.0,3.0,3.0,low
K82,1,br,2.29,3.2,50.0,1.0,1.0,3.0,3.0,3.0,none
K82,1,br,3.31,4.34,50.0,3.0,2.5,3.0,3.0,3.0,low
K82,1,fa,19.66,12.21,100.0,4.5,4.0,4.0,3.0,2.7,good
K82,1,fa,22.23,12.82,100.0,5.0,4.0,3.0,3.0,2.0,good
K82,1,fr,1.82,2.43,13.0,1.0,2.5,3.0,3.0,3.0,none
K82,1,ka,6.97,5.23,25.0,2.0,3.0,2.5,2.0,3.0,none
K82,1,nd,12.21,8.72,75.0,3.3,3.5,3.0,4.0,3.5,good
K82,1,nd,6.6,8.1,50.0,2.8,4.0,3.0,4.0,3.5,average
K82,1,nd,7.48,3.74,25.0,3.0,3.5,3.0,4.0,3.5,low
K82,1,ov,9.65,8.01,100.0,3.0,2.0,3.0,3.5,3.0,average
K82,1,ov,3.53,3.3,75.0,1.8,2.0,2.5,3.0,3.0,low
K82,1,pu,15.02,8.04,75.0,3.0,4.0,3.0,3.2,2.5,average
K82,1,re,11.27,7.14,75.0,2.5,3.0,3.0,4.0,3.0,average
K82,1,rd,2.72,3.43,50.0,1.0,1.0,2.0,2.0,3.0,none
K82,1,sm,2.1,3.38,50.0,1.0,1.0,3.0,3.0,3.0,none
K82,2,am,7.5,8.08,25.0,2.0,3.0,3.0,4.0,4.0,average
K82,2,am,4.39,5.19,50.0,2.5,3.5,3.0,4.5,4.0,average
K82,2,bxs,12.26,6.81,71.0,4.2,3.0,3.0,2.0,2.0,average
K82,2,br,3.54,3.43,100.0,2.5,2.0,3.3,3.3,3.3,low
K82,2,br,3.09,2.63,75.0,2.5,2.0,3.3,3.3,3.3,low
K82,2,fa,5.5,4.89,25.0,1.5,3.0,3.0,3.0,3.0,low
K82,2,ka,6.97,8.95,75.0,2.0,2.0,3.0,3.0,3.0,low
K82,2,nd,5.73,4.98,75.0,2.7,3.0,3.0,4.0,3.0,low
K82,2,nd,19.44,15.38,75.0,4.5,3.5,3.5,4.0,3.0,best
K82,2,nd,10.97,9.97,75.0,3.5,3.0,3.2,4.0,3.0,good
K82,2,nd,5.86,4.36,75.0,3.0,3.0,3.0,4.0,3.0,average
K82,2,re,17.6,14.08,50.0,5.0,3.5,4.0,4.0,3.5,best
K82,2,re,6.34,6.45,50.0,3.0,3.0,4.0,4.0,4.0,average
K82,2,re,1.17,2.34,25.0,1.0,3.0,3.0,3.0,3.0,none
K82,2,rd,6.97,5.32,50.0,2.0,3.5,2.0,3.0,3.0,none
K82,2,sm,2.1,3.85,25.0,1.0,2.0,3.0,3.0,3.0,none
K82,3,am,11.77,8.08,75.0,3.0,4.0,3.0,4.0,3.0,best
K82,3,bxs,9.65,6.24,25.0,2.8,3.0,3.0,3.0,2.5,low
K82,3,el,0.58,1.75,25.0,1.5,3.0,3.0,3.0,3.0,none
K82,3,ka,11.62,11.62,2.0,2.0,2.0,4.0,3.0,3.0,low
K82,3,ka,9.06,6.97,25.0,1.3,1.0,2.0,2.0,3.0,none
K82,3,ov,15.31,11.77,75.0,3.0,2.0,4.0,4.0,4.0,best
K82,3,ov,7.65,8.24,25.0,2.0,2.0,4.0,4.0,4.0,average
K82,3,ov,6.42,8.24,25.0,3.0,2.0,4.0,4.0,4.0,average
K82,3,re,19.13,13.5,50.0,5.0,4.0,4.0,4.0,3.0,best
K82,3,re,15.26,14.08,25.0,3.0,4.0,4.0,4.0,3.0,best
K82,3,rd,4.84,4.13,50.0,2.0,1.5,3.0,3.0,3.0,low
K82,3,sm,7.58,6.06,38.0,2.0,2.0,3.0,3.0,3.0,low
WSp,1,am,24.24,17.9,38.0,3.5,3.5,3.0,3.3,2.5,good
WSp,1,am,20.24,14.6,63.0,3.0,3.5,3.0,3.7,2.5,good
WSp,1,co,17.4,14.14,63.0,3.5,4.0,3.7,4.0,3.5,good
WSp,1,cr,17.36,15.64,50.0,3.5,3.5,2.5,2.5,2.5,average
WSp,1,nd,15.02,9.92,100.0,3.5,4.0,2.7,4.0,2.5,good
WSp,1,nd,17.83,11.8,50.0,3.0,3.0,3.0,4.0,2.5,good
WSp,1,ni,20.8,10.23,13.0,3.0,3.0,3.0,2.5,3.0,average
WSp,1,ni,24.89,16.71,63.0,3.0,2.5,2.7,3.0,2.0,average
WSp,1,ob,19.13,10.66,38.0,3.5,3.0,2.5,2.5,2.0,good
WSp,1,ob,17.59,12.2,50.0,3.0,2.7,3.0,3.5,2.7,average
WSp,1,ov,19.35,17.3,50.0,2.5,2.0,3.2,4.0,4.0,average
WSp,1,pu,21.7,17.42,88.0,3.0,3.5,3.0,3.3,2.3,good
WSp,1,re,7.84,3.34,38.0,2.0,2.3,1.5,2.0,2.0,low
WSp,1,re,25.57,17.43,50.0,3.7,3.0,2.7,3.0,2.0,average
WSp,1,rd,6.87,9.4,50.0,1.5,3.0,2.0,2.0,2.0,none
WSp,1,fr,31.87,20.52,25.0,3.7,3.5,2.5,2.5,1.5,average
WSp,1,re,15.11,15.54,75.0,3.7,3.0,3.3,3.5,3.5,good
WSp,1,nd,21.72,14.75,38.0,3.0,3.0,3.0,4.0,2.3,good
WSp,2,am,24.95,19.69,50.0,3.5,3.0,2.7,3.0,2.7,good
WSp,2,am,17.35,16.11,38.0,3.0,3.0,2.5,3.5,2.5,good
WSp,2,co,18.81,19.09,75.0,3.0,3.0,3.5,4.0,3.0,best
WSp,2,cr,15.35,11.87,75.0,2.9,2.7,2.5,3.0,2.5,average
WSp,2,fa,22.6,12.61,63.0,3.5,3.0,2.0,2.0,1.5,average
WSp,2,nd,21.45,16.76,75.0,3.0,3.2,3.3,3.5,3.0,good
WSp,2,nd,15.15,15.82,75.0,3.0,3.0,3.1,3.4,3.0,good
WSp,2,ni,20.46,19.26,50.0,3.0,2.2,3.3,3.3,3.0,good
WSp,2,ob,20.8,15.41,25.0,3.5,2.8,3.3,3.2,3.5,good
WSp,2,ob,22.98,19.9,50.0,4.0,2.7,3.5,3.3,3.5,best
WSp,2,ov,16.99,16.52,25.0,3.0,2.7,3.2,3.7,3.2,average
WSp,2,ov,19.67,20.14,50.0,3.0,2.0,3.3,3.7,4.0,good
WSp,2,pa,29.47,14.67,88.0,4.0,4.0,3.0,3.0,1.7,best
WSp,2,pu,23.29,17.74,75.0,3.0,3.0,3.0,3.5,2.5,best
WSp,2,re,24.55,15.98,13.0,3.0,2.7,4.0,3.3,3.0,average
WSp,2,re,23.53,21.06,50.0,4.5,3.5,3.3,3.2,2.8,good
WSp,2,rd,3.62,6.03,25.0,1.0,3.0,2.5,2.5,3.0,none
WSp,2,fr,31.73,18.88,63.0,3.8,3.2,3.0,3.0,2.0,good
WSp,2,ob,18.88,10.53,63.0,3.5,3.0,2.0,2.0,1.5,average
WSp,2,re,24.4,20.33,75.0,4.5,3.5,3.3,3.2,2.8,good
WSp,3,am,18.4,14.18,50.0,3.5,3.2,2.0,2.5,1.5,good
WSp,3,am,18.59,8.26,13.0,2.5,3.5,2.0,2.0,2.0,average
WSp,3,co,14.87,15.56,38.0,3.5,3.5,3.3,3.3,3.0,good
WSp,3,nd,19.04,14.75,50.0,3.5,4.0,2.5,2.5,2.0,good
WSp,3,nd,15.55,12.87,63.0,3.0,3.0,2.5,3.0,2.0,good
WSp,3,ni,25.4,18.75,13.0,3.7,2.7,2.0,2.5,2.3,average
WSp,3,ob,21.7,17.33,25.0,3.3,3.0,3.0,3.0,3.0,good
WSp,3,ob,34.67,15.41,13.0,4.0,3.0,2.5,2.5,2.0,average
WSp,3,ov,7.4,13.38,25.0,1.0,2.0,3.2,3.0,3.0,none
WSp,3,ov,22.03,19.34,50.0,4.0,2.5,3.3,3.3,3.0,best
WSp,3,pa,32.75,16.37,50.0,4.0,4.0,2.0,2.0,2.0,best
WSp,3,pu,27.4,17.9,38.0,3.0,3.3,2.5,3.0,2.0,good
WSp,3,re,23.1,18.59,63.0,4.0,3.5,3.3,3.3,3.0,good
WSp,3,re,20.34,18.45,75.0,3.5,3.0,3.3,3.3,3.0,good
WSp,3,rd,5.18,4.82,38.0,1.0,2.0,2.0,2.0,2.0,none
WSp,3,fr,15.05,9.05,25.0,4.0,4.0,2.0,1.5,1.0,average
WSp,3,re,22.08,21.79,50.0,3.5,3.0,3.3,3.3,3.0,good
WSp,3,nd,26.28,20.11,25.0,3.1,3.0,3.0,3.0,2.0,good
K83,1,co,17.41,12.44,50.0,3.5,3.3,3.0,3.5,3.0,good
K83,1,cr,12.96,11.21,88.0,4.0,4.0,2.5,2.0,2.0,average
K83,1,co,6.77,7.19,75.0,3.0,3.0,2.7,3.0,3.0,average
K83,1,fa,2.95,4.43,13.0,1.0,2.0,3.0,3.0,3.0,none
K83,1,nd,7.68,6.56,50.0,3.0,3.5,3.5,4.0,4.0,average
K83,1,nd,16.69,11.67,75.0,3.0,3.8,3.4,4.0,3.5,average
K83,1,ob,8.46,7.05,13.0,2.0,3.0,3.0,3.0,3.0,low
K83,1,ov,5.35,5.9,25.0,2.0,1.8,2.0,2.5,3.0,low
K83,1,ov,14.82,14.23,50.0,3.0,1.7,4.0,4.0,3.5,good
K83,1,pa,9.19,7.81,50.0,2.8,3.0,3.0,4.0,3.0,none
K83,1,pu,5.19,4.44,13.0,1.5,2.5,3.0,3.0,3.0,none
K83,1,re,9.73,11.04,75.0,3.0,3.0,3.5,4.0,3.5,good
K83,1,rd,13.54,8.81,88.0,2.7,2.0,2.5,3.0,3.0,average
K83,1,fr,5.78,7.21,13.0,1.5,3.0,4.0,4.0,4.0,none
K83,2,cr,5.36,4.61,63.0,3.0,3.0,2.0,2.0,3.0,low
K83,2,co,11.88,9.81,63.0,3.0,4.0,2.5,2.5,2.5,average
K83,2,fa,14.03,9.9,63.0,3.5,4.0,3.5,3.0,3.0,good
K83,2,fa,23.63,11.82,88.0,4.5,4.0,3.0,2.5,2.0,good
K83,2,fr,10.39,8.66,38.0,3.0,3.5,3.0,4.0,3.0,average
K83,2,nd,7.83,6.79,100.0,3.0,3.0,3.5,4.5,3.5,good
K83,2,nd,11.23,10.34,50.0,3.0,3.5,3.3,4.0,3.5,good
K83,2,ni,9.13,8.01,75.0,2.8,2.0,3.3,3.3,3.0,average
K83,2,ni,11.66,8.57,75.0,3.0,2.5,2.5,2.5,2.5,low
K83,2,ob,3.81,4.93,13.0,2.0,2.5,3.0,4.0,3.0,none
K83,2,ov,16.16,10.98,13.0,3.5,2.5,3.0,4.0,3.0,good
K83,2,ov,8.83,7.91,63.0,3.5,2.5,3.5,4.0,4.0,good
K83,2,pa,1.38,1.53,13.0,1.0,1.0,3.0,3.0,3.0,none
K83,2,pu,1.48,2.96,13.0,1.0,3.0,3.0,3.0,3.0,none
K83,2,re,9.15,8.42,25.0,3.0,3.5,3.5,4.0,4.0,average
K83,2,re,4.79,4.36,38.0,2.0,3.5,3.5,4.0,3.5,low
K83,2,rd,6.7,6.83,75.0,2.7,2.7,3.0,3.5,3.5,low
K83,3,am,15.73,10.67,75.0,3.0,4.0,3.0,4.0,3.0,best
K83,3,am,13.13,11.49,88.0,3.0,4.0,3.0,4.0,4.0,best
K83,3,co,9.94,7.46,50.0,3.0,4.0,3.0,4.0,3.0,average
K83,3,cr,5.86,5.61,50.0,3.0,4.0,2.5,2.5,3.0,low
K83,3,co,9.12,9.67,50.0,3.0,4.0,3.0,3.0,3.0,average
K83,3,fa,6.94,5.17,38.0,2.5,3.0,3.0,4.0,3.5,low
K83,3,fa,16.25,13.29,13.0,3.0,4.0,4.0,3.5,3.0,average
K83,3,fr,1.59,2.89,38.0,2.5,3.0,3.0,3.0,3.0,low
K83,3,nd,5.32,5.91,50.0,3.0,4.0,3.5,4.0,3.5,average
K83,3,ni,24.73,14.19,88.0,4.5,3.0,3.0,3.0,2.8,best
K83,3,ni,9.13,7.02,13.0,2.8,2.5,3.0,3.0,2.5,low
K83,3,ob,1.41,2.82,13.0,1.0,3.0,3.0,3.0,3.0,none
K83,3,ob,2.11,3.1,38.0,1.3,3.0,3.0,3.0,3.0,none
K83,3,ob,21.43,14.1,38.0,4.0,3.5,3.0,3.5,3.0,good
K83,3,ov,8.75,7.27,38.0,3.5,2.5,3.0,4.0,3.3,low
K83,3,pa,3.37,3.68,50.0,2.0,2.5,3.0,4.0,3.0,low
K83,3,re,8.13,7.99,88.0,3.0,3.0,3.5,4.0,4.0,average
K83,3,rd,2.63,4.6,38.0,2.0,1.5,3.0,3.0,3.0,none
Lon,1,am,23.59,9.87,75.0,3.0,4.0,3.0,4.0,3.0,good
Lon,1,am,20.72,8.67,100.0,3.5,3.5,2.5,4.0,4.0,best
Lon,1,co,19.64,11.02,100.0,4.0,3.0,3.0,3.0,3.0,good
Lon,1,cr,14.13,8.85,100.0,3.0,2.5,1.5,2.0,2.0,low
Lon,1,fa,22.62,8.83,88.0,2.0,3.0,3.0,3.0,3.0,low
Lon,1,fa,15.98,6.24,63.0,3.5,4.0,2.8,2.8,2.5,average
Lon,1,nd,16.18,7.67,88.0,3.5,3.0,2.5,4.0,3.0,best
Lon,1,nd,18.44,8.74,100.0,3.5,3.5,2.8,4.0,2.8,good
Lon,1,ni,21.25,9.62,100.0,3.5,2.5,3.0,3.0,2.0,good
Lon,1,ni,16.7,7.64,100.0,3.5,2.8,3.0,3.0,2.0,good
Lon,1,ob,15.73,7.8,88.0,3.5,2.8,3.0,3.5,3.5,best
Lon,1,ob,16.55,8.21,100.0,3.5,3.0,3.5,3.3,3.0,good
Lon,1,ov,13.67,5.24,63.0,2.5,2.0,2.5,3.3,3.0,good
Lon,1,pa,12.8,7.25,50.0,2.3,4.5,2.5,3.0,3.0,average
Lon,1,re,20.82,11.37,88.0,2.5,3.3,3.3,3.0,2.3,average
Lon,1,rd,6.65,5.08,88.0,2.5,2.5,2.5,3.0,3.0,average
Lon,1,fr,18.88,9.59,75.0,3.0,3.0,3.0,3.3,3.0,good
Lon,2,am,24.3,10.49,50.0,3.5,3.0,3.0,4.0,2.5,good
Lon,2,am,16.5,7.08,75.0,3.0,3.5,2.5,4.0,3.0,good
Lon,2,co,17.62,9.9,88.0,3.3,3.3,3.0,3.5,3.3,good
Lon,2,cr,12.52,9.23,100.0,3.0,2.8,2.0,2.8,2.0,low
Lon,2,fa,21.8,8.52,100.0,2.0,3.0,3.0,3.0,3.0,none
Lon,2,fa,13.7,5.35,88.0,4.0,3.0,2.0,3.0,1.5,good
Lon,2,nd,10.97,5.2,50.0,3.3,3.0,3.3,4.0,3.5,good
Lon,2,nd,20.86,9.89,25.0,1.5,3.0,3.0,3.0,3.0,none
Lon,2,ni,20.31,9.27,100.0,4.0,2.5,2.8,2.5,2.5,good
Lon,2,ni,20.29,9.27,88.0,2.0,2.5,3.0,3.0,2.0,low
Lon,2,ob,7.6,3.76,63.0,2.0,3.0,3.0,3.0,3.0,none
Lon,2,ob,19.01,9.41,75.0,3.5,3.0,3.5,3.5,3.5,good
Lon,2,ov,16.15,6.19,100.0,3.0,2.3,3.0,4.0,4.0,good
Lon,2,pa,14.5,8.17,88.0,1.0,3.0,3.0,3.0,3.0,none
Lon,2,re,11.28,6.41,50.0,4.0,3.5,3.5,3.5,3.0,good
Lon,2,rd,13.31,8.75,75.0,2.8,3.0,2.5,3.0,2.5,low
Lon,2,fr,14.89,7.56,50.0,4.0,4.0,2.0,3.0,2.0,good
Lon,3,am,19.34,8.3,100.0,3.5,3.5,2.5,3.5,2.5,good
Lon,3,am,21.27,9.13,88.0,3.3,3.5,2.5,3.3,3.0,good
Lon,3,co,17.62,9.9,100.0,3.5,3.0,3.0,3.3,3.3,good
Lon,3,cr,10.36,7.54,100.0,2.7,3.0,2.0,2.0,2.0,low
Lon,3,fa,22.38,8.74,100.0,3.7,3.0,3.2,3.3,2.6,good
Lon,3,fa,6.34,3.65,100.0,3.0,3.0,2.0,2.5,2.5,low
Lon,3,nd,14.77,7.0,100.0,3.0,4.0,2.0,3.5,3.0,good
Lon,3,nd,10.11,4.79,100.0,2.7,3.5,2.8,4.0,4.0,good
Lon,3,ni,18.16,8.29,75.0,4.0,2.3,3.3,3.3,3.0,good
Lon,3,ni,21.09,9.63,63.0,4.0,3.0,4.0,3.3,3.0,good
Lon,3,ob,17.84,8.83,88.0,3.5,3.0,3.0,3.0,2.7,good
Lon,3,ob,18.3,9.06,50.0,3.5,3.0,2.5,3.0,2.5,average
Lon,3,ov,14.53,5.57,100.0,3.0,2.0,3.0,4.0,3.5,average
Lon,3,pa,13.26,8.94,100.0,4.0,4.0,3.0,3.5,3.5,good
Lon,3,re,11.55,6.56,100.0,3.0,2.7,3.3,4.0,4.0,good
Lon,3,rd,15.93,9.1,88.0,3.0,3.0,2.0,2.5,2.5,low
Lon,3,fr,14.25,7.23,63.0,4.0,3.0,3.0,2.8,2.0,average
Lon,3,fr,12.35,6.27,71.0,4.0,4.0,2.5,3.5,2.5,good
Lon,3,re,7.22,4.1,57.0,3.0,3.0,2.0,3.0,2.0,average
Puk,1,am,10.4,5.77,75.0,3.0,3.0,2.0,3.0,2.0,average
Puk,1,am,11.66,7.27,100.0,3.0,3.0,2.0,3.0,2.0,average
Puk,1,bxs,10.99,7.2,100.0,2.0,3.0,3.0,3.0,3.0,average
Puk,1,br,7.87,6.25,100.0,3.5,1.5,2.0,2.0,2.0,low
Puk,1,br,7.64,6.72,100.0,3.5,2.0,2.0,2.0,2.0,low
Puk,1,el,1.27,1.74,50.0,1.0,3.0,2.0,3.0,3.0,none
Puk,1,fa,11.85,7.47,50.0,3.0,3.0,4.0,3.0,3.0,average
Puk,1,fa,6.52,5.81,100.0,3.0,3.0,3.0,3.0,3.0,good
Puk,1,fa,7.7,5.69,100.0,3.0,3.0,4.0,4.0,4.0,average
Puk,1,ka,10.81,3.45,100.0,3.0,2.0,1.0,1.0,1.0,none
Puk,1,ka,17.83,6.56,75.0,4.0,2.0,1.0,1.0,1.0,low
Puk,1,nd,12.5,6.62,100.0,3.0,3.0,3.0,3.0,3.0,good
Puk,1,nd,7.97,5.88,75.0,2.5,3.0,3.0,3.0,3.5,average
Puk,1,nd,8.58,7.48,100.0,3.5,3.0,2.5,3.5,3.0,good
Puk,1,ob,6.05,5.44,100.0,3.0,2.5,3.5,3.5,3.0,average
Puk,1,ov,6.76,6.76,75.0,1.0,1.0,3.0,3.0,3.0,none
Puk,1,ov,13.99,9.09,100.0,4.0,2.0,2.0,2.0,2.0,average
Puk,1,ov,8.65,5.95,100.0,1.5,1.0,3.0,3.0,3.0,none
Puk,1,ov,16.79,13.17,100.0,4.0,2.0,3.0,3.0,2.5,good
Puk,1,pu,2.45,3.06,50.0,1.5,4.0,1.0,2.0,3.0,none
Puk,1,re,9.84,8.68,75.0,2.0,2.0,4.0,4.0,4.0,average
Puk,1,re,4.98,4.05,75.0,2.0,2.5,3.0,3.0,3.0,low
Puk,1,re,8.92,6.14,75.0,2.5,3.0,4.0,4.0,3.5,average
Puk,1,re,13.39,6.6,75.0,3.0,2.5,3.0,3.0,2.5,average
Puk,1,re,13.43,9.03,100.0,4.0,2.0,4.0,3.0,2.5,good
Puk,1,rd,9.84,5.67,100.0,1.5,1.5,2.0,2.0,2.0,none
Puk,2,am,4.73,5.31,100.0,2.0,3.0,3.0,4.0,4.0,good
Puk,2,am,6.35,4.62,100.0,3.0,4.0,2.0,3.0,4.0,average
Puk,2,bxs,18.99,10.73,75.0,3.0,3.0,3.5,3.0,3.0,good
Puk,2,br,7.3,5.91,100.0,2.0,2.0,3.0,4.0,4.0,low
Puk,2,br,8.11,4.98,100.0,3.0,1.0,4.0,4.0,4.0,average
Puk,2,el,5.25,3.5,50.0,2.0,3.0,3.0,3.0,4.0,low
Puk,2,fa,16.69,9.48,50.0,4.0,3.0,4.0,4.0,3.0,best
Puk,2,fa,2.37,2.73,50.0,1.0,3.0,3.0,3.0,3.0,none
Puk,2,fa,10.08,6.52,50.0,3.0,3.0,4.0,4.0,4.0,average
Puk,2,fr,17.19,12.45,50.0,4.0,4.0,4.0,4.0,4.0,good
Puk,2,ka,1.27,1.12,25.0,1.5,3.0,0.0,2.0,3.0,none
Puk,2,ka,5.75,4.6,25.0,2.0,2.0,3.0,3.0,3.0,none
Puk,2,nd,15.69,8.95,100.0,3.0,3.0,4.0,4.0,3.0,good
Puk,2,nd,17.03,10.42,100.0,3.0,3.0,4.0,4.0,3.0,good
Puk,2,nd,17.77,10.42,50.0,3.0,3.0,2.0,2.0,2.0,average
Puk,2,nd,17.4,10.66,75.0,3.0,2.0,4.0,4.0,3.0,good
Puk,2,ob,10.16,7.74,100.0,3.0,3.0,4.0,4.0,4.0,good
Puk,2,ov,6.06,4.2,100.0,1.5,1.5,2.0,2.0,1.0,none
Puk,2,ov,10.37,5.6,100.0,3.0,2.0,2.0,2.0,1.0,low
Puk,2,ov,2.56,2.91,75.0,1.0,1.0,2.0,2.0,3.0,none
Puk,2,ov,8.98,4.08,75.0,4.0,2.0,2.0,2.0,2.0,average
Puk,2,pu,7.84,4.29,25.0,2.0,4.0,1.0,2.0,3.0,none
Puk,2,re,5.44,4.05,50.0,1.0,2.0,3.0,3.0,3.0,none
Puk,2,re,11.93,11.0,100.0,3.5,3.0,4.0,4.0,3.5,good
Puk,2,re,12.39,10.77,75.0,3.0,3.0,4.0,4.0,4.0,good
Puk,2,re,17.95,13.66,100.0,5.0,3.0,4.5,4.5,4.0,best
Puk,2,re,10.07,12.74,100.0,2.5,2.5,5.0,5.0,5.0,good
Puk,2,rd,8.56,3.33,75.0,2.0,3.0,2.0,2.0,2.0,none
Puk,2,sm,1.56,2.16,50.0,1.0,2.0,2.0,2.0,3.0,none
Puk,3,am,20.43,10.39,75.0,3.0,4.0,2.0,3.0,2.0,good
Puk,3,am,16.04,8.66,100.0,3.0,4.0,4.0,4.0,4.0,good
Puk,3,bxs,11.9,7.2,100.0,3.0,2.0,3.0,3.0,3.0,average
Puk,3,br,2.66,2.08,100.0,2.0,1.5,1.0,2.0,3.0,none
Puk,3,br,5.1,2.66,75.0,3.0,2.0,2.0,2.0,3.0,low
Puk,3,el,12.24,5.83,25.0,2.0,3.0,3.0,3.0,3.0,low
Puk,3,fa,21.93,9.84,100.0,4.0,3.0,3.5,3.0,2.0,good
Puk,3,fa,24.16,10.31,75.0,4.5,3.0,4.0,3.0,2.0,good
Puk,3,fa,24.77,10.67,100.0,4.5,3.0,4.0,3.0,2.0,good
Puk,3,fr,16.83,10.31,75.0,4.0,3.0,4.0,4.0,3.0,best
Puk,3,ka,8.4,3.91,100.0,3.0,2.0,1.0,2.0,1.0,none
Puk,3,ka,5.75,4.26,75.0,2.0,3.0,2.0,2.0,2.0,none
Puk,3,nd,16.54,7.23,100.0,3.0,2.5,3.0,4.0,2.0,good
Puk,3,nd,13.73,7.6,75.0,2.5,2.0,3.0,3.0,3.0,average
Puk,3,nd,16.3,7.84,100.0,3.0,3.0,3.0,3.0,3.0,average
Puk,3,nd,13.73,8.58,75.0,3.0,3.0,3.0,3.0,3.0,average
Puk,3,ob,16.93,8.1,75.0,2.5,2.0,2.5,2.5,2.0,average
Puk,3,ov,2.68,2.33,75.0,1.0,1.5,2.0,2.0,2.0,none
Puk,3,ov,11.66,6.18,75.0,3.0,2.0,3.0,3.0,3.0,average
Puk,3,ov,3.03,1.75,75.0,1.0,2.0,2.0,2.0,2.0,none
Puk,3,ov,6.41,3.26,75.0,2.0,2.0,2.0,2.0,2.0,low
Puk,3,pu,10.78,6.62,100.0,2.5,4.0,3.0,3.0,2.0,average
Puk,3,re,14.59,8.68,100.0,3.0,2.0,4.0,3.0,3.0,average
Puk,3,re,17.95,13.09,75.0,4.0,3.0,4.0,3.5,3.0,good
Puk,3,re,18.87,14.24,75.0,5.0,3.0,5.0,4.0,4.5,best
Puk,3,re,17.72,11.93,75.0,4.0,3.0,5.0,4.0,4.0,best
Puk,3,re,13.55,9.26,75.0,3.0,3.0,4.0,4.0,3.5,good
Puk,3,rd,9.63,5.11,50.0,1.0,0.5,2.0,2.0,2.0,none
Puk,3,sm,2.63,2.39,50.0,1.0,1.5,1.0,2.0,2.0,none
Paw,1,am,24.94,14.33,10.0,3.0,4.0,3.5,4.0,3.0,good
Paw,1,co,29.22,13.58,30.0,3.6,3.8,3.5,3.9,3.7,good
Paw,1,cr,26.59,10.8,40.0,3.6,3.8,2.6,2.6,2.5,good
Paw,1,fa,35.54,13.02,20.0,3.2,3.5,2.5,2.5,2.3,good
Paw,1,fa,38.15,16.85,10.0,3.5,4.0,3.3,4.0,3.5,best
Paw,1,fr,33.89,14.24,20.0,3.1,3.5,3.2,3.8,2.5,good
Paw,1,ni,37.49,17.45,40.0,4.5,2.6,3.6,2.9,2.3,good
Paw,1,ni,31.63,13.91,60.0,3.6,2.6,3.6,3.3,2.8,good
Paw,1,nd,20.11,13.55,20.0,3.0,4.0,4.0,4.0,4.0,average
Paw,1,nd,22.15,14.57,20.0,3.0,4.0,3.0,3.4,3.0,good
Paw,1,nd,20.4,10.2,10.0,3.3,4.5,3.3,4.0,3.5,good
Paw,1,ob,24.87,11.66,40.0,3.3,3.4,3.5,4.1,3.4,good
Paw,1,ob,33.16,14.75,40.0,3.7,3.5,3.6,3.6,2.9,good
Paw,1,ov,31.05,15.25,30.0,3.2,1.8,2.8,3.5,2.9,average
Paw,1,ov,31.33,15.67,30.0,4.1,2.3,3.4,4.0,3.1,good
Paw,1,pu,32.97,14.24,40.0,3.2,4.0,3.1,3.3,3.0,good
Paw,1,re,20.25,10.66,30.0,2.7,3.0,4.0,4.2,3.7,good
Paw,1,re,27.44,11.32,20.0,3.5,3.0,3.3,4.0,2.9,best
Paw,1,rd,19.91,6.77,40.0,1.6,1.8,2.3,2.5,2.3,low
Paw,2,am,34.11,16.48,20.0,3.5,3.8,3.2,3.9,2.5,good
Paw,2,am,35.83,21.5,10.0,3.3,3.5,4.0,4.5,3.0,best
Paw,2,co,33.19,14.42,30.0,3.6,3.7,3.2,3.7,3.2,good
Paw,2,cr,27.13,11.88,90.0,3.3,3.7,2.1,2.1,2.0,average
Paw,2,fr,15.52,7.83,10.0,2.0,4.0,4.0,4.0,4.0,low
Paw,2,nd,39.79,17.49,10.0,4.0,4.0,3.3,2.5,1.5,average
Paw,2,nd,32.5,14.57,10.0,2.7,3.0,3.0,4.0,3.0,good
Paw,2,ov,32.86,13.86,30.0,2.8,2.0,3.1,3.1,2.3,good
Paw,2,ov,39.79,18.02,40.0,4.3,2.5,3.4,3.8,3.1,best
Paw,2,pu,8.72,10.17,10.0,1.5,4.0,4.0,4.0,4.0,none
Paw,2,re,27.97,14.65,10.0,3.0,3.5,3.5,3.0,3.0,good
Paw,2,re,39.69,18.25,30.0,3.9,3.8,4.2,4.1,3.6,best
Paw,2,rd,13.81,10.62,10.0,1.5,3.0,2.0,4.0,3.0,none
Paw,3,co,38.79,14.56,50.0,3.9,3.6,3.2,3.5,2.4,best
Paw,3,cr,26.05,12.15,10.0,3.0,3.0,2.5,3.3,3.0,average
Paw,3,fa,26.51,7.66,10.0,2.5,3.0,3.0,3.0,3.0,average
Paw,3,fr,14.24,7.12,10.0,2.0,3.0,3.0,4.0,4.0,low
Paw,3,nd,33.81,10.93,10.0,3.3,4.0,3.3,4.0,2.7,good
Paw,3,nd,31.33,10.2,10.0,3.5,4.0,3.0,4.0,3.0,best
Paw,3,nd,30.75,14.57,20.0,3.8,4.0,3.5,4.0,2.9,good
Paw,3,ob,35.4,14.05,10.0,3.0,3.0,3.3,3.5,3.0,best
Paw,3,ov,17.33,8.32,40.0,1.9,2.1,2.5,3.0,2.8,low
Paw,3,re,9.99,5.33,10.0,1.5,2.5,3.0,3.0,3.0,none
K81a,1,bxs,2.84,3.41,3.0,1.0,2.0,3.0,3.0,3.0,none
K81a,1,co,7.99,5.49,17.0,2.0,3.0,2.5,3.3,3.0,low
K81a,1,fa,8.3,5.93,4.0,2.0,3.5,3.0,3.0,3.0,none
K81a,1,fa,15.58,8.06,27.0,3.0,3.5,3.0,2.5,3.0,average
K81a,1,nd,4.56,3.58,13.0,2.0,3.0,2.0,3.0,3.0,none
K81a,1,nd,5.43,4.44,9.0,1.0,2.0,2.0,3.0,3.0,none
K81a,1,ov,13.07,8.12,14.0,1.5,1.5,2.0,3.0,3.0,low
K81a,1,ov,23.55,14.36,37.0,4.0,2.0,3.0,3.5,2.0,best
K81a,1,ov,16.25,9.77,85.0,4.0,2.0,2.5,4.0,2.5,best
K81a,1,re,17.08,10.25,7.0,2.5,3.0,3.0,3.5,3.0,low
K81a,1,re,14.69,9.68,21.0,3.0,3.0,3.3,3.5,3.3,average
K81a,1,re,11.62,7.4,33.0,3.0,3.0,3.5,3.5,3.3,average
K81a,1,rd,9.48,6.16,50.0,2.0,1.8,2.5,3.0,2.5,low
K81a,1,ov,10.24,6.95,46.0,2.0,2.0,3.0,4.0,3.0,low
K81a,3,am,14.22,11.45,35.0,3.0,3.0,3.0,4.0,3.0,good
K81a,3,am,9.16,7.23,17.0,3.0,4.0,3.0,4.0,4.0,average
K81a,3,bxs,6.92,4.54,48.0,3.0,3.0,2.5,2.0,2.0,average
K81a,3,co,8.83,8.6,63.0,3.0,3.5,3.5,3.5,3.0,average
K81a,3,fa,17.42,9.01,45.0,4.5,4.5,3.0,2.0,1.5,best
K81a,3,fa,13.04,9.36,55.0,4.0,4.0,3.0,2.5,2.0,good
K81a,3,nd,17.27,9.01,48.0,3.5,3.0,3.3,4.0,3.0,best
K81a,3,nd,11.84,9.13,18.0,2.5,3.5,2.5,3.5,3.0,average
K81a,3,ov,9.54,6.83,13.0,2.5,1.8,2.5,4.0,3.0,average
K81a,3,ov,7.89,5.65,45.0,2.5,2.0,3.0,3.3,2.5,average
K81a,3,ov,12.72,10.6,37.0,3.0,2.0,3.5,4.5,4.3,best
K81a,3,ov,11.07,8.95,70.0,3.0,2.0,2.5,4.0,3.0,good
K81a,3,re,10.25,10.02,36.0,3.0,3.0,4.0,4.5,3.5,average
K81a,3,re,14.46,11.73,60.0,4.5,4.0,3.5,3.5,2.5,best
K81a,3,re,15.37,10.82,13.0,3.0,2.7,3.5,3.5,3.0,average
K81a,3,re,11.96,9.91,33.0,4.0,4.0,4.0,4.0,4.0,good
K81a,3,re,12.41,9.68,67.0,4.0,4.0,3.5,4.0,3.0,good
K81a,3,rd,7.94,6.16,51.0,2.5,2.0,2.5,4.5,4.0,average
K81a,3,br,5.98,4.03,43.0,2.5,2.0,3.3,4.0,3.5,average
Mor,1,am,21.86,10.0,42.785714285714285,2.5242857142857145,2.0171428571428573,3.2857142857142856,3.97,3.474285714285714,none
Mor,1,am,33.65,15.36,42.57142857142857,2.5485714285714285,2.0342857142857143,3.2714285714285714,3.94,3.4485714285714284,none
Mor,1,am,18.01,3.26,42.357142857142854,2.572857142857143,2.0514285714285716,3.257142857142857,3.91,3.422857142857143,none
Mor,1,am,24.72,11.29,42.142857142857146,2.597142857142857,2.0685714285714285,3.242857142857143,3.88,3.3971428571428572,none
Mor,1,am,20.85,9.52,41.92857142857143,2.6214285714285714,2.085714285714286,3.228571428571428,3.85,3.3714285714285714,none
Mor,1,am,29.6,13.52,41.714285714285715,2.645714285714286,2.1028571428571428,3.214285714285714,3.82,3.3457142857142856,none
Mor,1,nd,27.7,12.62,41.285714285714285,2.6942857142857144,2.137142857142857,3.1857142857142855,3.76,3.2942857142857145,none
Mor,1,nd,18.73,8.53,41.07142857142857,2.7185714285714284,2.1542857142857144,3.1714285714285713,3.73,3.2685714285714287,none
Mor,1,nd,36.65,16.69,40.857142857142854,2.742857142857143,2.1714285714285713,3.157142857142857,3.7,3.242857142857143,none
Mor,1,nd,25.84,11.76,40.642857142857146,2.7671428571428573,2.1885714285714286,3.142857142857143,3.67,3.217142857142857,none
Mor,1,nd,4.14,1.89,40.42857142857143,2.7914285714285714,2.2057142857142855,3.1285714285714286,3.64,3.1914285714285713,none
Mor,1,pu,26.63,11.4,40.214285714285715,2.815714285714286,2.222857142857143,3.114285714285714,3.61,3.1657142857142855,none
Mor,1,pu,10.1,4.32,40.0,2.84,2.24,3.0999999999999996,3.58,3.14,none
Mor,1,pu,23.62,10.11,39.785714285714285,2.8642857142857143,2.257142857142857,3.0857142857142854,3.55,3.1142857142857143,none
Mor,1,ra,21.07,9.62,39.57142857142857,2.888571428571429,2.2742857142857145,3.071428571428571,3.52,3.0885714285714285,none
Mor,1,ra,19.81,9.05,39.357142857142854,2.912857142857143,2.2914285714285714,3.057142857142857,3.49,3.0628571428571427,none
Mor,1,te,32.09,12.03,39.142857142857146,2.9371428571428573,2.3085714285714287,3.0428571428571427,3.46,3.0371428571428574,none
Mor,1,te,33.99,12.75,38.92857142857143,2.9614285714285713,2.3257142857142856,3.0285714285714285,3.4299999999999997,3.0114285714285716,none
Mor,1,te,15.25,5.72,38.714285714285715,2.9857142857142858,2.342857142857143,3.0142857142857142,3.4,2.9857142857142858,none
Mor,1,te,26.87,10.08,38.5,3.0100000000000002,2.36,3.0,3.37,2.96,none
Mor,2,am,25.73,11.75,38.285714285714285,3.0342857142857143,2.3771428571428572,2.9857142857142858,3.34,2.934285714285714,none
Mor,2,am,19.91,13.63,38.07142857142857,3.0585714285714287,2.394285714285714,2.971428571428571,3.31,2.9085714285714284,none
Mor,2,am,17.69,8.08,37.85714285714286,3.0828571428571427,2.4114285714285715,2.957142857142857,3.28,2.882857142857143,none
Mor,2,am,25.71,11.74,37.642857142857146,3.107142857142857,2.428571428571429,2.9428571428571426,3.25,2.857142857142857,none
Mor,2,am,11.25,5.14,37.42857142857143,3.1314285714285717,2.4457142857142857,2.9285714285714284,3.2199999999999998,2.8314285714285714,none
Mor,2,am,25.85,11.8,37.214285714285715,3.1557142857142857,2.4628571428571426,2.914285714285714,3.19,2.8057142857142856,none
Mor,2,co,33.6,14.17,37.0,3.18,2.48,2.9,3.16,2.7800000000000002,none
Mor,2,nd,35.78,16.29,36.785714285714285,3.2042857142857146,2.4971428571428573,2.8857142857142857,3.13,2.7542857142857144,none
Mor,2,nd,23.46,10.68,36.57142857142857,3.2285714285714286,2.5142857142857142,2.8714285714285714,3.1,2.7285714285714286,none
Mor,2,nd,27.79,12.65,36.35714285714286,3.252857142857143,2.5314285714285716,2.8571428571428568,3.07,2.702857142857143,none
Mor,2,nd,32.88,14.98,36.142857142857146,3.277142857142857,2.5485714285714285,2.8428571428571425,3.04,2.677142857142857,none
Mor,2,nd,32.15,14.64,35.92857142857143,3.3014285714285716,2.565714285714286,2.8285714285714283,3.01,2.6514285714285712,none
Mor,2,pu,35.37,15.14,35.714285714285715,3.3257142857142856,2.5828571428571427,2.814285714285714,2.98,2.625714285714286,none
Mor,2,pu,24.72,10.58,35.5,3.35,2.6,2.8,2.95,2.6,none
Mor,2,pu,27.66,11.83,35.285714285714285,3.3742857142857146,2.6171428571428574,2.7857142857142856,2.92,2.5742857142857143,none
Mor,2,ra,26.18,11.96,35.07142857142857,3.3985714285714286,2.6342857142857143,2.7714285714285714,2.8899999999999997,2.5485714285714285,none
Mor,2,ra,17.5,7.99,34.85714285714286,3.422857142857143,2.6514285714285712,2.757142857142857,2.86,2.522857142857143,none
Mor,2,te,29.91,11.22,34.642857142857146,3.4471428571428575,2.6685714285714286,2.742857142857143,2.83,2.4971428571428573,none
Mor,2,te,21.89,8.21,34.42857142857143,3.4714285714285715,2.685714285714286,2.7285714285714286,2.8,2.4714285714285715,none
Mor,2,te,28.19,10.57,34.214285714285715,3.495714285714286,2.702857142857143,2.714285714285714,2.7699999999999996,2.4457142857142857,none
Mor,2,te,19.92,7.47,34.0,3.5200000000000005,2.72,2.6999999999999997,2.74,2.42,none
Mor,3,am,20.16,9.21,33.785714285714285,3.5442857142857145,2.737142857142857,2.6857142857142855,2.71,2.394285714285714,none
Mor,3,am,16.63,7.59,33.57142857142857,3.5685714285714285,2.7542857142857144,2.6714285714285713,2.6799999999999997,2.3685714285714283,none
Mor,3,am,14.31,6.53,33.35714285714286,3.592857142857143,2.7714285714285714,2.657142857142857,2.65,2.342857142857143,none
Mor,3,am,25.34,11.57,33.142857142857146,3.6171428571428574,2.7885714285714287,2.642857142857143,2.62,2.317142857142857,none
Mor,3,am,15.23,6.96,32.92857142857143,3.6414285714285715,2.8057142857142856,2.6285714285714286,2.59,2.2914285714285714,none
Mor,3,am,24.16,11.03,32.714285714285715,3.665714285714286,2.822857142857143,2.614285714285714,2.5599999999999996,2.265714285714286,none
Mor,3,co,29.11,12.28,32.5,3.6900000000000004,2.84,2.5999999999999996,2.53,2.24,none
Mor,3,nd,29.29,13.33,32.285714285714285,3.7142857142857144,2.857142857142857,2.5857142857142854,2.5,2.2142857142857144,none
Mor,3,nd,12.2,5.56,32.07142857142857,3.7385714285714284,2.8742857142857146,2.571428571428571,2.4699999999999998,2.1885714285714286,none
Mor,3,nd,22.89,10.42,31.857142857142858,3.7628571428571433,2.8914285714285715,2.557142857142857,2.44,2.162857142857143,none
Mor,3,nd,30.15,13.73,31.642857142857146,3.7871428571428574,2.9085714285714284,2.5428571428571427,2.41,2.137142857142857,none
Mor,3,nd,29.76,13.55,31.42857142857143,3.8114285714285714,2.9257142857142857,2.5285714285714285,2.38,2.111428571428571,none
Mor,3,pu,33.68,14.41,31.214285714285715,3.835714285714286,2.942857142857143,2.5142857142857142,2.3499999999999996,2.0857142857142854,none
Mor,3,pu,25.85,11.06,31.0,3.8600000000000003,2.96,2.5,2.32,2.06,none
Mor,3,pu,20.72,8.87,30.785714285714285,3.8842857142857143,2.9771428571428573,2.4857142857142858,2.29,2.0342857142857143,none
Mor,3,ra,21.27,9.72,30.571428571428573,3.908571428571429,2.994285714285714,2.4714285714285715,2.26,2.008571428571429,none
Mor,3,ra,19.63,8.97,30.357142857142858,3.9328571428571433,3.0114285714285716,2.457142857142857,2.2299999999999995,1.9828571428571429,none
Mor,3,te,26.37,9.89,30.142857142857146,3.9571428571428573,3.0285714285714285,2.4428571428571426,2.2,1.957142857142857,none
Mor,3,te,26.19,9.82,29.92857142857143,3.9814285714285713,3.045714285714286,2.4285714285714284,2.17,1.9314285714285715,none
Mor,3,te,17.35,6.51,29.714285714285715,4.005714285714286,3.062857142857143,2.414285714285714,2.1399999999999997,1.9057142857142857,none
Mor,3,te,20.57,7.71,29.5,4.03,3.08,2.4,2.11,1.8800000000000001,none
Wen,1,am,27.68,12.64,29.285714285714285,4.054285714285714,3.097142857142857,2.3857142857142857,2.08,1.8542857142857143,none
Wen,1,co,30.93,13.05,29.071428571428573,4.078571428571429,3.1142857142857143,2.3714285714285714,2.05,1.8285714285714285,none
Wen,1,nd,26.16,11.89,28.857142857142858,4.102857142857143,3.1314285714285717,2.3571428571428568,2.0199999999999996,1.802857142857143,none
Wen,1,pu,38.51,16.46,28.642857142857146,4.127142857142857,3.1485714285714286,2.3428571428571425,1.9899999999999998,1.7771428571428571,none
Wen,1,ra,24.0,10.96,28.42857142857143,4.151428571428571,3.1657142857142855,2.3285714285714283,1.96,1.7514285714285716,none
Wen,1,te,29.02,10.87,28.214285714285715,4.175714285714286,3.182857142857143,2.314285714285714,1.9299999999999997,1.7257142857142858,none
WSh,1,fr,33.35,10.61,33.0,4.5,4.0,2.8,3.0,1.5,good
WSh,1,ni,28.21,9.47,94.0,4.6,3.0,2.0,1.8,1.2,good
WSh,1,ob,27.36,11.49,67.0,4.7,3.3,3.4,3.4,3.0,good
WSh,1,re,22.34,8.84,25.0,3.8,3.5,3.0,3.5,3.0,average
